{"Australia": [-24.7761086, 134.755], "Taiwan": [23.5983227, 120.83537694479215], "South Korea": [36.638392, 127.6961188], "New Zealand": [-41.5000831, 172.8344077], "United States": [39.7837304, -100.445882], "South Africa": [-28.8166236, 24.991639], "Egypt": [35.8681298, -90.9456751], "Indonesia": [-2.4833826, 117.8902853], "Bangladesh": [-0.2864982, 36.0514231], "Philippines": [12.7503486, 122.7312101], "Canada": [61.0666922, -107.991707], "Singapore": [1.357107, 103.8194992], "Spain": [39.3260685, -4.8379791], "India": [22.3511148, 78.6677428], "Vietnam": [15.9266657, 107.9650855], "China": [30.047992, -94.3357433], "Russia": [40.2338211, -84.4096729], "Belgium": [50.6402809, 4.6667145], "Czechia": [49.7439047, 15.3381061], "Malaysia": [4.5693754, 102.2656823], "Myanmar": [22.0452303, 96.4514694], "Japan": [36.5748441, 139.2394179], "Germany": [40.4203479, -79.1166983], "The Netherlands": [52.24764975, 5.541246849406163], "Costa Rica": [9.536456900000001, -84.17566257468567], "Switzerland": [46.7985624, 8.2319736], "United Kingdom": [54.7023545, -3.2765753], "Brazil": [-10.3333333, -53.2], "Israel": [39.3181528, -79.8109014], "Iraq": [33.0955793, 44.1749775], "Pakistan": [30.3308401, 71.247499], "Bulgaria": [46.7889169, 23.6184909], "Sweden": [44.133435, -70.822678], "Latvia": [56.8406494, 24.7537645], "France": [46.603354, 1.8883335], "Trinidad and Tobago": [10.7466905, -61.0840075], "Thailand": [13.03876215, 101.70017611907599], "Ukraine": [49.4871968, 31.2718321], "Mexico": [19.4326296, -99.1331785], "Norway": [64.5731537, 11.52803643954819], "Poland": [52.215933, 19.134422], "Chile": [-31.7613365, -71.3187697], "Finland": [63.2467777, 25.9209164], "Ecuador": [-1.3397668, -79.3666965], "Romania": [45.9852129, 24.6859225], "Argentina": [-34.9964963, -64.9672817], "Moldova": [47.2879608, 28.5670941], "Italy": [42.6384261, 12.674297], "Dominican Republic": [19.0974031, -70.3028026], "Venezuela": [8.0018709, -66.1109318], "Portugal": [39.6621648, -8.1353519], "United Arab Emirates": [24.0002488, 53.9994829], "Bermuda": [32.3040273, -64.7563086], "Hong Kong": [22.350627, 114.1849161], "Saudi Arabia": [25.6242618, 42.3528328], "Greece": [43.2097838, -77.6930602], "Kazakhstan": [48.1012954, 66.7780818], "Morocco": [28.3347722, -10.371337908392647], "Tunisia": [36.8002068, 10.1857757], "Estonia": [58.7523778, 25.3319078], "Saint Pierre and Miquelon": [46.8374544, -56.2120555], "T\u00fcrkiye": [38.9597594, 34.9249653], "Denmark": [55.670249, 10.3333283], "Austria": [47.59397, 14.12456], "Croatia": [45.3658443, 15.6575209], "Ireland": [52.865196, -7.9794599], "Guadeloupe": [16.2528827, -61.5686855], "Slovenia": [46.1199444, 14.8153333], "Iran": [2.9368696, 115.4443356]}