{"Thailand": [13.03876215, 101.70017611907599], "South Korea": [36.638392, 127.6961188], "Australia": [-24.7761086, 134.755], "Taiwan": [23.5983227, 120.83537694479215], "Spain": [39.3260685, -4.8379791], "India": [22.3511148, 78.6677428], "China": [30.047992, -94.3357433], "Hong Kong": [22.350627, 114.1849161], "Philippines": [12.7503486, 122.7312101], "Vietnam": [15.9266657, 107.9650855], "Japan": [40.9921996, -75.9078749], "Malaysia": [4.5693754, 102.2656823], "United States": [39.7837304, -100.445882], "Canada": [61.0666922, -107.991707], "New Zealand": [-41.5000831, 172.8344077], "Singapore": [1.357107, 103.8194992], "Indonesia": [-2.4833826, 117.8902853], "Bangladesh": [-0.2864982, 36.0514231], "Sri Lanka": [7.5554942, 80.7137847], "Pakistan": [30.3308401, 71.247499], "Italy": [42.6384261, 12.674297], "Guam": [13.450125700000001, 144.75755102972062], "Northern Mariana Islands": [15.1753648, 145.7379338], "Kenya": [1.4419683, 38.4313975], "Tunisia": [36.8002068, 10.1857757], "Mauritius": [-20.2759451, 57.5703566], "Zimbabwe": [-18.4554963, 29.7468414], "Switzerland": [46.7985624, 8.2319736], "South Africa": [-28.8166236, 24.991639], "Republic of the Congo": [-0.7264327, 15.6419155], "Angola": [-11.8775768, 17.5691241], "Nigeria": [9.6000359, 7.9999721], "Botswana": [-23.1681782, 24.5928742], "Gambia": [13.470062, -15.4900464], "Gabon": [-0.8999695, 11.6899699], "Sierra Leone": [8.6400349, -11.8400269], "Zambia": [-14.5189121, 27.5589884], "Equatorial Guinea": [1.613172, 10.5170357], "Ghana": [8.0300284, -1.0800271], "Burkina Faso": [12.0753083, -1.6880314], "Tanzania": [-6.5247123, 35.7878438], "Egypt": [35.8681298, -90.9456751], "Mozambique": [-19.302233, 34.9144977], "Uganda": [1.5333554, 32.2166578], "Eswatini": [-26.5624806, 31.3991317], "Niger": [17.7356214, 9.3238432], "Benin": [9.5293472, 2.2584408], "Mauritania": [-25.3669725, -54.3736391], "Ethiopia": [6.7678, 35.6343712], "Somalia": [8.3676771, 49.083416], "Malawi": [-13.2687204, 33.9301963], "Rwanda": [-1.9646631, 30.0644358], "Cabo Verde": [16.0000552, -24.0083947], "South Sudan": [7.8699431, 29.6667897], "Cameroon": [4.6125522, 13.1535811], "Libya": [26.8234472, 18.1236723], "Chile": [-31.7613365, -71.3187697], "Liechtenstein": [47.1416307, 9.5531527], "Estonia": [58.7523778, 25.3319078], "Greece": [43.2097838, -77.6930602], "Morocco": [28.3347722, -10.371337908392647], "Togo": [8.7800265, 1.0199765], "Ivory Coast": [7.9897371, -5.5679458], "Nepal": [31.2496266, 73.6632218], "Fiji": [-18.1239696, 179.0122737], "Belgium": [50.6402809, 4.6667145], "Maldives": [3.7203503, 73.2244152], "Myanmar": [17.1750495, 95.9999652], "Afghanistan": [33.7680065, 66.2385139], "American Samoa": [-14.297124, -170.7131481], "Cambodia": [3.9767059, -73.1493675], "French Polynesia": [-17.0243749, -144.6434898], "Papua New Guinea": [-5.6816069, 144.2489081], "Bhutan": [33.0204804, 75.6458366], "Israel": [39.3181528, -79.8109014], "United Kingdom": [54.7023545, -3.2765753], "The Netherlands": [52.24764975, 5.541246849406163], "Laos": [10.244733, 123.2310396], "Germany": [40.4203479, -79.1166983], "Argentina": [-34.9964963, -64.9672817], "Mongolia": [43.9382593, -79.2235563], "Brazil": [-10.3333333, -53.2], "Jamaica": [18.1850507, -77.3947693], "Barbados": [13.1500331, -59.5250305], "Bermuda": [32.3040273, -64.7563086], "Saint Lucia": [13.8250489, -60.975036], "St Vincent and Grenadines": [12.90447, -61.2765569], "Guadeloupe": [16.2528827, -61.5686855], "Montserrat": [16.7417041, -62.1916844], "Antigua and Barbuda": [17.2234721, -61.9554608], "Austria": [36.9148511, -4.7534501], "Portugal": [39.6621648, -8.1353519], "France": [46.603354, 1.8883335], "Mexico": [19.4326296, -99.1331785], "Bulgaria": [46.7889169, 23.6184909], "T\u00fcrkiye": [38.9597594, 34.9249653], "Lithuania": [55.3500003, 23.7499997], "Sweden": [44.133435, -70.822678], "Denmark": [55.670249, 10.3333283], "Norway": [64.5731537, 11.52803643954819], "Namibia": [-23.2335499, 17.3231107], "Slovakia": [48.7411522, 19.4528646], "Algeria": [28.0000272, 2.9999825], "Luxembourg": [49.6112768, 6.129799], "Ireland": [52.865196, -7.9794599], "Bahamas": [24.7736546, -78.0000547], "Romania": [45.9852129, 24.6859225], "Cyprus": [34.9174159, 32.889902651331866], "Czechia": [49.7439047, 15.3381061], "Russia": [40.2338211, -84.4096729], "Serbia": [44.024322850000004, 21.07657433209902], "Jordan": [44.6663146, -93.6261918], "Ukraine": [49.4871968, 31.2718321], "Reunion": [-21.1309332, 55.5265771], "Poland": [52.215933, 19.134422], "Bahrain": [25.227707549999998, 55.171549227823945], "Bosnia and Herzegovina": [44.3053476, 17.5961467], "Georgia": [32.3293809, -83.1137366], "United Arab Emirates": [24.0002488, 53.9994829], "Slovenia": [46.1199444, 14.8153333], "Moldova": [47.2879608, 28.5670941], "Kazakhstan": [48.1012954, 66.7780818], "Azerbaijan": [40.3936294, 47.7872508], "Iraq": [33.0955793, 44.1749775], "Croatia": [45.3658443, 15.6575209], "Montenegro": [-29.6826112, -51.4687455], "Lebanon": [40.375713, -76.4626118], "Albania": [1.2315264, -75.89204331320687], "Finland": [63.2467777, 25.9209164], "Hungary": [41.9767629, -72.7789842], "Isle of Man": [54.1936805, -4.5591148], "Vanuatu": [-16.5255069, 168.1069154], "Marshall Islands": [8.230816999999998, 167.7953223704529], "Brunei": [4.4137155, 114.5653908], "New Caledonia": [-20.63784275, 161.21176261225781], "Federated States of Micronesia": [8.6062347, 151.832744331612], "Micronesia": [8.6062347, 151.832744331612], "Macao": [22.1899448, 113.5380454], "Samoa": [-13.7693895, -172.12005], "Saudi Arabia": [25.6242618, 42.3528328], "Haiti": [19.1399952, -72.3570972], "Lesotho": [-29.6039267, 28.3350193], "Iceland": [64.9841821, -18.1059013], "Bolivia": [-17.0568696, -64.9912286], "Trinidad and Tobago": [10.7466905, -61.0840075], "Paraguay": [-23.3165935, -58.1693445], "Colombia": [4.099917, -72.9088133], "Honduras": [15.2572432, -86.0755145], "Sint Maarten": [18.0423736, -63.0549948], "Belize": [16.8259793, -88.7600927], "Peru": [-6.8699697, -75.0458515], "Oman": [42.2679001, 26.9246399], "Netherlands": [52.2434979, 5.6343227], "Yemen": [16.3471243, 47.8915271], "Latvia": [56.8406494, 24.7537645], "Costa Rica": [9.536456900000001, -84.17566257468567], "Venezuela": [8.0018709, -66.1109318], "El Salvador": [13.8000382, -88.9140683], "Curacao": [12.1176488, -68.9309263], "Dominican Republic": [19.0974031, -70.3028026], "French Guiana": [4.0039882, -52.999998], "Ecuador": [-1.3397668, -79.3666965], "Nicaragua": [12.6090157, -85.2936911], "Uruguay": [-32.8755548, -56.0201525], "Palestine": [31.7621153, -95.6307891], "Puerto Rico": [18.2247706, -66.4858295], "Armenia": [4.536307, -75.6723751], "Malta": [35.8885993, 14.4476911], "Turks and Caicos Islands": [21.721746, -71.5527809], "Syria": [35.8323648, 38.5414697], "Uzbekistan": [41.32373, 63.9528098], "North Macedonia": [41.6171214, 21.7168387], "Turkey": [38.9597594, 34.9249653], "Iran": [2.9368696, 115.4443356], "Cuba": [23.0131338, -80.8328748], "Gibraltar": [36.1285933, -5.3474761], "Burundi": [-3.426449, 29.9324519], "Senegal": [14.4750607, -14.4529612], "Madagascar": [-18.9249604, 46.4416422], "Seychelles": [-4.6574977, 55.4540146], "Sao Tome and Principe": [0.9713095, 7.02255], "Guinea-Bissau": [11.815215, -15.2351044], "Saint Helena": [-15.9686862, -5.7129557], "Dominica": [15.4113138, -61.3653618], "Grenada": [12.1360374, -61.6904045], "Cayman Islands": [19.703182249999998, -79.9174627243246], "U.S. Virgin Islands": [17.789187, -64.7080574], "Andorra": [42.5407167, 1.5732033], "Panama": [8.559559, -81.1308434], "Qatar": [39.1074426, 47.5061085], "Belarus": [53.4250605, 27.6971358], "Greenland": [35.9948477, -94.1796014], "Kosovo": [42.5869578, 20.9021231], "Kuwait": [-0.1665291, 35.6736908], "Guatemala": [15.5855545, -90.345759], "Guyana": [4.8417097, -58.6416891], "Aruba": [12.5013629, -69.9618475], "Guernsey": [49.4566233, -2.5822348], "Faroe Islands": [62.0448724, -7.0322972], "Bonaire, Sint Eustatius, and Saba": null,